CRM,203.55,abc,2025-01-15T09:03:46
CRM,482.48,abc,2025-01-15T09:04:40
MRNA,450.69,997

CVX,379.85,676,01-15-2025 09:30:00
,34.85,525,2025-01-15T09:10:17
DIS,,688,2025-01-15T09:11:20
ADBE,275.18,307,01-15-2025 09:30:00
MCD,474.96,abc,2025-01-15T09:13:46

AMD,-239.06,691,2025-01-15T09:15:59
MCD,268.57,532
BA,-275.12,177,2025-01-15T09:17:04
COST,,816,2025-01-15T09:17:44

INTC,455.46,378

DIS,63.16,618,01-15-2025 09:30:00
NVDA,458.21,401,01-15-2025 09:30:00
AMD,257.84,-835,2025-01-15T09:25:54
KO,363.0,116,01-15-2025 09:30:00
,463.68,388,2025-01-15T09:26:42
AAPL,188.44,47,01-15-2025 09:30:00
PFE,88.39,271
CVX,110.69,abc,2025-01-15T09:27:44

PYPL,120.69,-446,2025-01-15T09:28:44
AMD,424.88,312


COST,176.19,629,01-15-2025 09:30:00
AMZN,458.61,abc,2025-01-15T09:33:46
ORCL,,578,2025-01-15T09:33:52
CRM,377.75,abc,2025-01-15T09:34:07
WMT,-468.84,75,2025-01-15T09:35:12
DIS,-302.8,125,2025-01-15T09:35:45
JPM,338.25,935,01-15-2025 09:30:00
V,231.58,abc,2025-01-15T09:38:26
WMT,209.35,784,01-15-2025 09:30:00

UNH,252.33,833
UNH,75.57,abc,2025-01-15T09:41:35
AAPL,89.8,954,01-15-2025 09:30:00
XOM,,931,2025-01-15T09:42:04
META,,239,2025-01-15T09:42:22
JPM,372.31,594
WMT,,96,2025-01-15T09:43:46
,213.19,229,2025-01-15T09:43:54
INTC,386.3,abc,2025-01-15T09:43:58
META,447.34,212

XOM,382.07,-193,2025-01-15T09:49:02
NVDA,312.7,277,01-15-2025 09:30:00
XOM,-13.67,969,2025-01-15T09:50:20
PYPL,119.73,441
COST,268.22,abc,2025-01-15T09:52:07
MSFT,-261.66,45,2025-01-15T09:52:20
COST,74.2,97
,485.6,856,2025-01-15T09:52:38
MSFT,251.97,792
NFLX,-158.85,371,2025-01-15T09:53:25
KO,207.41,575,01-15-2025 09:30:00
COST,-52.76,839,2025-01-15T09:53:49
XOM,,277,2025-01-15T09:54:52
XOM,108.27,-27,2025-01-15T09:56:09
XOM,,600,2025-01-15T09:57:15
HD,479.62,abc,2025-01-15T09:59:19
INTC,357.4,859
KO,-413.54,685,2025-01-15T10:01:14
NVDA,433.13,667
WMT,-477.04,212,2025-01-15T10:03:34
CRM,441.55,435
,47.75,518,2025-01-15T10:05:09


WMT,,77,2025-01-15T10:05:45
,498.72,259,2025-01-15T10:05:51
AMD,-384.24,160,2025-01-15T10:09:06

CRM,-347.48,692,2025-01-15T10:10:30
BA,140.48,abc,2025-01-15T10:13:40
AMD,161.4,abc,2025-01-15T10:13:47
COST,,459,2025-01-15T10:17:15
KO,-400.41,597,2025-01-15T10:18:01
MRNA,,790,2025-01-15T10:19:40
BA,155.68,516,01-15-2025 09:30:00
INTC,479.52,-202,2025-01-15T10:20:14

,152.92,255,2025-01-15T10:22:06
UNH,427.49,142
MCD,23.03,-284,2025-01-15T10:22:42

,78.55,243,2025-01-15T10:26:48
V,436.31,-812,2025-01-15T10:26:59
BA,486.89,-556,2025-01-15T10:28:03
,476.09,8,2025-01-15T10:28:09
HD,489.8,-860,2025-01-15T10:31:06
KO,117.21,30,01-15-2025 09:30:00
MSFT,297.84,759
BA,-153.17,307,2025-01-15T10:33:40
HD,-235.71,714,2025-01-15T10:37:02
PYPL,-471.91,658,2025-01-15T10:37:40

INTC,340.94,abc,2025-01-15T10:39:41
,283.75,262,2025-01-15T10:40:34
NVDA,481.75,-497,2025-01-15T10:41:17
AMZN,379.75,abc,2025-01-15T10:41:54
DIS,157.54,662
MCD,84.58,557
NKE,-252.52,996,2025-01-15T10:43:39
MSFT,246.17,abc,2025-01-15T10:45:01
META,269.66,-604,2025-01-15T10:47:59

NKE,93.23,355,01-15-2025 09:30:00
CRM,444.56,52
PEP,295.57,297,01-15-2025 09:30:00
PYPL,-437.3,942,2025-01-15T10:50:38
NFLX,-498.75,557,2025-01-15T10:50:47
GOOG,,346,2025-01-15T10:51:18
NFLX,-88.72,395,2025-01-15T10:51:37
WMT,,874,2025-01-15T10:53:40

,194.55,231,2025-01-15T10:57:45
KO,-242.87,503,2025-01-15T10:57:53
TSLA,444.7,455
KO,-411.23,645,2025-01-15T11:01:12
MRNA,,269,2025-01-15T11:04:37
BA,377.18,340,01-15-2025 09:30:00
ADBE,214.57,223
XOM,,999,2025-01-15T11:11:11
COST,-391.65,141,2025-01-15T11:12:31
CVX,324.59,284
PYPL,377.83,abc,2025-01-15T11:13:22
AAPL,,767,2025-01-15T11:16:17
,204.17,609,2025-01-15T11:17:38
CRM,-413.5,424,2025-01-15T11:17:44
CRM,431.43,-748,2025-01-15T11:17:58
,484.77,619,2025-01-15T11:18:09
UNH,370.74,561
,100.9,245,2025-01-15T11:21:49
WMT,127.64,942
BA,385.47,721
JPM,-449.06,520,2025-01-15T11:24:13
NKE,290.73,abc,2025-01-15T11:24:38
UNH,,820,2025-01-15T11:26:03
,495.73,889,2025-01-15T11:28:28
,357.28,14,2025-01-15T11:29:17
AMD,283.72,449
,461.72,134,2025-01-15T11:31:20
CVX,332.74,931,01-15-2025 09:30:00
CRM,76.15,abc,2025-01-15T11:32:24
WMT,,665,2025-01-15T11:34:10
AMZN,380.13,abc,2025-01-15T11:35:40
NFLX,11.0,421,01-15-2025 09:30:00

JPM,,934,2025-01-15T11:37:54
AAPL,278.23,abc,2025-01-15T11:39:30
MRNA,349.61,abc,2025-01-15T11:41:03
HD,54.48,-569,2025-01-15T11:41:21
UNH,258.65,abc,2025-01-15T11:43:01
ADBE,16.39,997
META,422.93,111,01-15-2025 09:30:00
,136.82,455,2025-01-15T11:47:38

,363.87,763,2025-01-15T11:48:40
CVX,,982,2025-01-15T11:49:12
NKE,114.06,99,01-15-2025 09:30:00
ADBE,34.14,abc,2025-01-15T11:50:20
XOM,-208.76,105,2025-01-15T11:52:03
TSLA,117.09,-299,2025-01-15T11:54:37
CVX,317.81,abc,2025-01-15T11:54:43
,239.74,993,2025-01-15T11:55:47
CRM,-409.78,936,2025-01-15T11:56:08
,465.51,276,2025-01-15T11:58:45
XOM,385.0,861
,136.48,867,2025-01-15T12:03:26
ORCL,-177.63,774,2025-01-15T12:04:33
UNH,332.83,227,01-15-2025 09:30:00
,163.35,886,2025-01-15T12:06:11
TSLA,,220,2025-01-15T12:07:12
V,401.12,-501,2025-01-15T12:08:02
COST,142.65,-851,2025-01-15T12:08:35
NKE,-398.8,945,2025-01-15T12:09:22
CVX,340.76,abc,2025-01-15T12:13:35
PEP,-328.58,692,2025-01-15T12:14:25
NFLX,188.86,abc,2025-01-15T12:15:37
META,342.22,499
CRM,149.27,abc,2025-01-15T12:17:27


MCD,-488.4,441,2025-01-15T12:18:44


MSFT,340.92,264
V,-432.48,7,2025-01-15T12:22:25
AMD,-103.65,984,2025-01-15T12:23:30
MCD,-171.71,158,2025-01-15T12:23:33
KO,144.32,abc,2025-01-15T12:25:44
TSLA,,754,2025-01-15T12:27:02

INTC,318.71,255,01-15-2025 09:30:00
ORCL,71.07,abc,2025-01-15T12:28:50
COST,-87.08,647,2025-01-15T12:28:59
XOM,242.48,-206,2025-01-15T12:29:37
META,67.47,-128,2025-01-15T12:29:56
NVDA,407.9,-199,2025-01-15T12:30:04
AMD,115.72,913
WMT,172.08,-589,2025-01-15T12:31:56
NFLX,54.34,-430,2025-01-15T12:32:34
CVX,54.74,abc,2025-01-15T12:33:00
,345.23,969,2025-01-15T12:33:42
V,-280.4,156,2025-01-15T12:34:00
META,-19.55,34,2025-01-15T12:34:19
WMT,440.35,-850,2025-01-15T12:36:40
BA,-234.88,168,2025-01-15T12:38:49
KO,,365,2025-01-15T12:41:00
,170.54,740,2025-01-15T12:44:19


INTC,144.05,404
MRNA,,374,2025-01-15T12:49:21
BA,-101.0,751,2025-01-15T12:49:22
AAPL,336.43,742
BA,151.37,875,01-15-2025 09:30:00
DIS,475.34,abc,2025-01-15T12:50:31
PFE,137.83,abc,2025-01-15T12:53:12
UNH,-317.03,962,2025-01-15T12:53:34
WMT,50.36,459
BA,336.96,633,01-15-2025 09:30:00
NVDA,433.6,608
V,182.04,-605,2025-01-15T13:00:31
,489.05,795,2025-01-15T13:01:23
AMZN,25.2,546,01-15-2025 09:30:00
CRM,-91.16,995,2025-01-15T13:02:46


AMZN,,261,2025-01-15T13:06:00
ADBE,-316.93,568,2025-01-15T13:07:04
NKE,55.87,773,01-15-2025 09:30:00

PEP,116.59,-631,2025-01-15T13:09:40
NVDA,,104,2025-01-15T13:09:47

KO,-49.53,724,2025-01-15T13:12:23
GOOG,69.3,abc,2025-01-15T13:13:31
,148.68,391,2025-01-15T13:13:53

COST,444.03,-895,2025-01-15T13:14:46
PFE,356.39,348,01-15-2025 09:30:00
COST,,742,2025-01-15T13:16:42
WMT,424.49,405
MCD,100.83,abc,2025-01-15T13:18:04
PFE,275.73,abc,2025-01-15T13:19:33

MSFT,,223,2025-01-15T13:20:28
ORCL,,500,2025-01-15T13:21:42
HD,256.34,-363,2025-01-15T13:24:04
PYPL,441.38,-1000,2025-01-15T13:24:22
CRM,,70,2025-01-15T13:24:25
XOM,205.4,abc,2025-01-15T13:24:43
GOOG,77.41,26,01-15-2025 09:30:00
HD,399.77,718,01-15-2025 09:30:00
XOM,219.45,abc,2025-01-15T13:28:07
BA,254.95,954
,409.5,438,2025-01-15T13:29:32
,85.88,172,2025-01-15T13:31:46
COST,-92.97,943,2025-01-15T13:31:59
,498.68,620,2025-01-15T13:32:27
PEP,61.09,-691,2025-01-15T13:33:08
TSLA,387.98,853,01-15-2025 09:30:00
,488.43,684,2025-01-15T13:33:44
MSFT,51.38,-315,2025-01-15T13:34:22
WMT,299.07,439
CVX,149.85,327
PYPL,-419.56,405,2025-01-15T13:39:25
DIS,,496,2025-01-15T13:40:10
PYPL,446.83,134,01-15-2025 09:30:00
GOOG,,778,2025-01-15T13:43:43
PEP,250.67,-908,2025-01-15T13:45:06
META,11.67,854
,440.77,174,2025-01-15T13:49:15

,41.19,727,2025-01-15T13:50:00
,40.83,138,2025-01-15T13:50:09
CVX,-221.25,119,2025-01-15T13:50:23
COST,-453.3,401,2025-01-15T13:50:26
KO,222.02,abc,2025-01-15T13:51:01
,332.25,720,2025-01-15T13:51:11
ADBE,163.83,616
AAPL,-294.21,656,2025-01-15T13:58:09

PFE,117.5,44,01-15-2025 09:30:00
HD,67.24,112,01-15-2025 09:30:00
PYPL,,352,2025-01-15T13:59:32
INTC,-55.48,666,2025-01-15T14:02:12
,299.04,218,2025-01-15T14:02:43
TSLA,88.48,150,01-15-2025 09:30:00
MRNA,299.11,-434,2025-01-15T14:07:22

AAPL,-306.65,135,2025-01-15T14:08:39
,290.9,814,2025-01-15T14:09:28
,331.21,37,2025-01-15T14:10:32
INTC,217.37,544,01-15-2025 09:30:00

,403.12,464,2025-01-15T14:15:36
AMZN,291.61,760
JPM,363.14,741
CRM,,956,2025-01-15T14:19:48

WMT,264.61,687,01-15-2025 09:30:00
KO,437.71,267,01-15-2025 09:30:00

ORCL,116.59,-997,2025-01-15T14:28:57
BA,-97.61,232,2025-01-15T14:29:03
NKE,448.99,22,01-15-2025 09:30:00

KO,333.54,727,01-15-2025 09:30:00
NKE,296.59,366
ORCL,404.13,-373,2025-01-15T14:33:02
HD,216.07,3
,34.21,190,2025-01-15T14:35:32
,114.89,485,2025-01-15T14:36:23
HD,54.51,150
JPM,485.45,-100,2025-01-15T14:38:02
,227.97,467,2025-01-15T14:39:13
V,471.78,abc,2025-01-15T14:41:03
,137.34,287,2025-01-15T14:41:51
TSLA,243.36,549

COST,-299.59,283,2025-01-15T14:45:00
AAPL,141.86,92,01-15-2025 09:30:00
,344.2,283,2025-01-15T14:45:37
TSLA,,289,2025-01-15T14:46:04
BA,384.66,abc,2025-01-15T14:46:30
INTC,,922,2025-01-15T14:47:08
DIS,183.67,153
META,187.06,572
ADBE,,853,2025-01-15T14:48:25
META,,219,2025-01-15T14:49:49
HD,,1,2025-01-15T14:50:44
CVX,54.1,-855,2025-01-15T14:50:53
PEP,466.89,-436,2025-01-15T14:51:22
KO,184.66,390
INTC,466.74,88,01-15-2025 09:30:00
CRM,180.17,84,01-15-2025 09:30:00
,479.88,366,2025-01-15T14:55:43
META,,139,2025-01-15T14:57:03
MRNA,203.22,417
GOOG,,490,2025-01-15T15:00:58
V,246.54,abc,2025-01-15T15:01:54
,470.5,971,2025-01-15T15:04:36
,253.11,410,2025-01-15T15:04:50
KO,187.06,-622,2025-01-15T15:05:30
META,190.31,291

DIS,483.39,666

ADBE,305.67,-820,2025-01-15T15:14:45
AAPL,253.52,-845,2025-01-15T15:15:03
MRNA,176.94,991
WMT,-356.82,629,2025-01-15T15:16:26
BA,452.99,abc,2025-01-15T15:16:29
V,,79,2025-01-15T15:16:48

NFLX,99.64,411,01-15-2025 09:30:00
NFLX,57.23,-726,2025-01-15T15:18:40
GOOG,472.82,-992,2025-01-15T15:20:09
COST,,135,2025-01-15T15:21:30

INTC,,502,2025-01-15T15:24:33
DIS,-146.06,943,2025-01-15T15:24:42

XOM,319.55,491,01-15-2025 09:30:00
CRM,35.27,abc,2025-01-15T15:30:53
WMT,161.15,38
PEP,412.95,-59,2025-01-15T15:31:54
XOM,,363,2025-01-15T15:32:14
NKE,143.79,937,01-15-2025 09:30:00
DIS,314.9,926,01-15-2025 09:30:00

MSFT,353.49,749,01-15-2025 09:30:00
,83.58,615,2025-01-15T15:37:07
CVX,474.26,968
V,139.1,-191,2025-01-15T15:40:44

BA,-45.64,86,2025-01-15T15:41:49
META,,836,2025-01-15T15:42:26
NKE,132.36,-965,2025-01-15T15:46:26
MSFT,194.18,abc,2025-01-15T15:46:52
AAPL,122.91,93,01-15-2025 09:30:00
NFLX,334.53,-991,2025-01-15T15:48:45
GOOG,39.15,-339,2025-01-15T15:48:57
COST,-296.73,264,2025-01-15T15:50:12
PYPL,-198.65,631,2025-01-15T15:50:20
COST,-437.29,771,2025-01-15T15:50:47

CRM,13.67,-685,2025-01-15T15:51:01
,376.87,534,2025-01-15T15:51:05
AAPL,52.6,11,01-15-2025 09:30:00
MSFT,,113,2025-01-15T15:52:26
,180.23,39,2025-01-15T15:52:45
MCD,255.08,abc,2025-01-15T15:54:11
BA,412.98,-705,2025-01-15T15:55:36
ADBE,118.32,-105,2025-01-15T15:56:09
KO,-336.74,138,2025-01-15T15:56:26
UNH,409.97,223
MSFT,-255.56,40,2025-01-15T16:00:11
UNH,475.01,25,01-15-2025 09:30:00
JPM,144.81,898,01-15-2025 09:30:00
AMD,,872,2025-01-15T16:01:06
BA,236.96,632,01-15-2025 09:30:00
DIS,248.66,-972,2025-01-15T16:02:13
DIS,288.09,840
V,407.18,960,01-15-2025 09:30:00

V,163.22,abc,2025-01-15T16:04:39
NVDA,-305.79,224,2025-01-15T16:05:40
MRNA,,107,2025-01-15T16:06:14

PYPL,-62.07,358,2025-01-15T16:08:36
,201.62,781,2025-01-15T16:09:01
,164.47,601,2025-01-15T16:09:58
COST,-286.44,715,2025-01-15T16:11:12

ADBE,-48.89,516,2025-01-15T16:12:40
AAPL,-319.27,75,2025-01-15T16:13:44
NVDA,416.81,abc,2025-01-15T16:14:44

COST,113.03,abc,2025-01-15T16:18:34
AAPL,-250.58,970,2025-01-15T16:19:26
V,-453.84,110,2025-01-15T16:19:39
HD,331.61,abc,2025-01-15T16:20:16
NVDA,140.49,132
COST,,79,2025-01-15T16:20:58
INTC,,155,2025-01-15T16:21:20
META,,623,2025-01-15T16:22:08
MRNA,,274,2025-01-15T16:22:19
GOOG,244.74,789,01-15-2025 09:30:00
WMT,111.21,abc,2025-01-15T16:25:43

,453.33,592,2025-01-15T16:27:09
GOOG,-271.0,314,2025-01-15T16:27:21
AMZN,98.79,848
,197.63,408,2025-01-15T16:28:12
,120.43,444,2025-01-15T16:28:18
PYPL,22.85,370
ADBE,,654,2025-01-15T16:34:30
XOM,73.42,200
KO,228.09,534,01-15-2025 09:30:00
,408.83,534,2025-01-15T16:37:14
MCD,-161.72,75,2025-01-15T16:42:04
AAPL,-484.52,283,2025-01-15T16:43:07
XOM,402.46,549,01-15-2025 09:30:00
MRNA,400.68,abc,2025-01-15T16:48:12
NKE,138.39,305
AMZN,232.89,680
MSFT,,777,2025-01-15T16:52:38
,338.93,257,2025-01-15T16:53:03
PFE,439.37,336,01-15-2025 09:30:00
NKE,108.76,-113,2025-01-15T16:53:26
,310.64,274,2025-01-15T16:55:33


NKE,82.18,678,01-15-2025 09:30:00
INTC,274.3,abc,2025-01-15T16:57:54
PFE,146.33,401
XOM,,233,2025-01-15T16:58:43
,261.82,583,2025-01-15T17:03:07
,346.97,91,2025-01-15T17:03:55
XOM,433.52,abc,2025-01-15T17:04:58
NFLX,18.46,113,01-15-2025 09:30:00
,37.05,414,2025-01-15T17:10:40
INTC,396.43,199,01-15-2025 09:30:00
MRNA,402.64,abc,2025-01-15T17:11:31
GOOG,,518,2025-01-15T17:12:01
TSLA,467.24,-300,2025-01-15T17:14:31
CVX,-478.07,335,2025-01-15T17:16:44

PFE,84.7,-920,2025-01-15T17:19:28

TSLA,14.91,328,01-15-2025 09:30:00

AMD,195.83,abc,2025-01-15T17:22:24
PFE,56.98,abc,2025-01-15T17:22:38
,345.64,485,2025-01-15T17:22:46

INTC,457.33,-529,2025-01-15T17:24:08
AMD,468.04,-603,2025-01-15T17:26:02
INTC,215.06,abc,2025-01-15T17:26:24
TSLA,-291.43,701,2025-01-15T17:27:05

XOM,-222.82,10,2025-01-15T17:27:31
MSFT,312.78,-403,2025-01-15T17:29:26
COST,337.16,-378,2025-01-15T17:30:41
COST,,797,2025-01-15T17:31:28
INTC,,23,2025-01-15T17:32:15
,97.41,758,2025-01-15T17:33:17
NVDA,,3,2025-01-15T17:33:33
GOOG,-199.93,553,2025-01-15T17:34:03
CRM,261.11,abc,2025-01-15T17:34:04
,295.41,998,2025-01-15T17:34:41
NKE,345.36,873
,177.35,980,2025-01-15T17:36:11

AAPL,,405,2025-01-15T17:39:33
,314.41,655,2025-01-15T17:40:17
MRNA,223.64,37
,10.3,745,2025-01-15T17:45:00
V,123.47,-763,2025-01-15T17:47:06
META,130.81,514
,372.92,856,2025-01-15T17:48:08
AAPL,43.46,769,01-15-2025 09:30:00
,87.33,149,2025-01-15T17:49:49
MSFT,,218,2025-01-15T17:49:58
,120.96,98,2025-01-15T17:52:00
PEP,,68,2025-01-15T17:52:03
PFE,178.84,-415,2025-01-15T17:53:40
INTC,,354,2025-01-15T17:57:32
TSLA,,487,2025-01-15T17:58:25
XOM,331.25,801,01-15-2025 09:30:00
ADBE,-246.95,644,2025-01-15T17:59:29
NFLX,-60.09,490,2025-01-15T18:01:19
CVX,249.91,488,01-15-2025 09:30:00
UNH,21.8,abc,2025-01-15T18:05:56
ADBE,361.73,-678,2025-01-15T18:07:35
AMD,369.18,276,01-15-2025 09:30:00
KO,-302.46,174,2025-01-15T18:10:23
BA,250.66,-983,2025-01-15T18:12:04
DIS,354.12,901
AMZN,445.54,799,01-15-2025 09:30:00

AMD,,181,2025-01-15T18:15:31
GOOG,,606,2025-01-15T18:16:41
NFLX,90.1,abc,2025-01-15T18:16:42
KO,51.9,-562,2025-01-15T18:18:56

ORCL,149.79,675,01-15-2025 09:30:00
,450.42,928,2025-01-15T18:21:59
CVX,97.5,788,01-15-2025 09:30:00

META,-270.53,829,2025-01-15T18:24:16

AMD,83.82,-292,2025-01-15T18:27:14
DIS,399.11,313
,12.97,290,2025-01-15T18:30:29
MSFT,77.17,658,01-15-2025 09:30:00
COST,417.76,abc,2025-01-15T18:35:13
PEP,141.12,957
NKE,432.68,abc,2025-01-15T18:39:32
ORCL,-276.91,198,2025-01-15T18:40:37

BA,146.91,abc,2025-01-15T18:43:23
CRM,401.96,325,01-15-2025 09:30:00
CRM,,562,2025-01-15T18:49:21

COST,,923,2025-01-15T18:50:49
PEP,357.33,abc,2025-01-15T18:51:15


,446.74,274,2025-01-15T18:52:53
ADBE,72.4,181
AAPL,103.18,abc,2025-01-15T18:57:00
BA,,523,2025-01-15T18:59:34
MRNA,163.47,abc,2025-01-15T18:59:36
META,155.5,abc,2025-01-15T19:04:40
CVX,-199.89,126,2025-01-15T19:05:40
MSFT,326.79,153,01-15-2025 09:30:00
PFE,266.97,755,01-15-2025 09:30:00
KO,,40,2025-01-15T19:10:11
GOOG,185.87,330,01-15-2025 09:30:00
COST,383.96,-857,2025-01-15T19:11:37
,498.22,631,2025-01-15T19:12:41
WMT,484.52,658
AMD,,133,2025-01-15T19:16:40
MSFT,270.53,-43,2025-01-15T19:18:46
ORCL,199.88,877,01-15-2025 09:30:00
PEP,,891,2025-01-15T19:25:21
,369.73,193,2025-01-15T19:27:39
,128.08,812,2025-01-15T19:28:09
MSFT,73.4,535,01-15-2025 09:30:00
PYPL,61.89,abc,2025-01-15T19:34:12
,172.1,387,2025-01-15T19:38:13
PFE,237.06,337,01-15-2025 09:30:00
V,94.55,514,01-15-2025 09:30:00
KO,253.7,abc,2025-01-15T19:41:31
PYPL,-37.32,247,2025-01-15T19:42:23
V,272.13,abc,2025-01-15T19:45:09
DIS,-105.96,262,2025-01-15T19:47:43
PFE,189.33,374
,47.42,166,2025-01-15T19:52:24
CVX,214.09,abc,2025-01-15T19:53:52



CRM,114.68,abc,2025-01-15T19:58:30
HD,464.38,459
NFLX,93.02,-717,2025-01-15T19:58:54
ORCL,,64,2025-01-15T19:59:13
AMD,258.22,abc,2025-01-15T19:59:57
,351.5,256,2025-01-15T20:00:07
V,-145.96,478,2025-01-15T20:01:06
V,394.25,abc,2025-01-15T20:01:09
UNH,196.18,810
ORCL,415.51,-996,2025-01-15T20:02:19
WMT,,373,2025-01-15T20:02:22
KO,56.3,abc,2025-01-15T20:03:23

COST,79.46,-322,2025-01-15T20:07:22
PFE,99.19,-80,2025-01-15T20:11:28
HD,-33.2,352,2025-01-15T20:12:11
AMZN,347.25,abc,2025-01-15T20:14:24

NFLX,381.98,-819,2025-01-15T20:17:10
PYPL,469.26,414,01-15-2025 09:30:00

,109.23,324,2025-01-15T20:22:30
CVX,,538,2025-01-15T20:22:43
,343.01,421,2025-01-15T20:23:04
AAPL,151.18,993
NFLX,,795,2025-01-15T20:25:13
HD,323.11,779
GOOG,154.64,-87,2025-01-15T20:27:44
,185.72,584,2025-01-15T20:28:48
,212.18,815,2025-01-15T20:30:36

,209.5,536,2025-01-15T20:35:14
AMD,112.77,32,01-15-2025 09:30:00

ORCL,-24.03,435,2025-01-15T20:41:02
XOM,334.17,865,01-15-2025 09:30:00
MSFT,44.86,abc,2025-01-15T20:43:34
UNH,74.31,346
MSFT,399.44,-8,2025-01-15T20:46:12
WMT,404.21,abc,2025-01-15T20:47:55
,47.13,789,2025-01-15T20:49:07
GOOG,22.33,abc,2025-01-15T20:51:13

INTC,368.56,-641,2025-01-15T20:54:05
,247.12,504,2025-01-15T20:54:16
AAPL,299.28,abc,2025-01-15T20:55:12
V,,450,2025-01-15T20:55:18
ORCL,221.83,abc,2025-01-15T20:55:50
TSLA,-484.16,208,2025-01-15T20:56:44
XOM,-412.55,383,2025-01-15T20:58:52
CVX,240.62,abc,2025-01-15T20:59:37
META,131.44,702

DIS,497.97,801,01-15-2025 09:30:00
,196.34,393,2025-01-15T21:03:09
PYPL,-247.46,45,2025-01-15T21:04:00
CVX,-306.21,178,2025-01-15T21:04:32
MCD,229.59,abc,2025-01-15T21:04:51
CVX,,688,2025-01-15T21:05:12

COST,126.38,370,01-15-2025 09:30:00
AMD,,434,2025-01-15T21:06:40
CVX,281.43,859,01-15-2025 09:30:00

CRM,472.25,-413,2025-01-15T21:08:38
PYPL,43.28,601,01-15-2025 09:30:00
MSFT,359.29,abc,2025-01-15T21:09:25
CVX,403.42,abc,2025-01-15T21:10:23
TSLA,,5,2025-01-15T21:12:02
BA,98.63,692,01-15-2025 09:30:00
AMZN,151.36,11
V,66.02,abc,2025-01-15T21:13:54
XOM,433.34,365,01-15-2025 09:30:00
CVX,-290.64,915,2025-01-15T21:17:55
MSFT,444.42,179,01-15-2025 09:30:00
KO,348.74,20

,270.46,647,2025-01-15T21:20:29
BA,330.06,446,01-15-2025 09:30:00
AMZN,330.85,897

MSFT,270.53,abc,2025-01-15T21:22:22

CVX,128.09,abc,2025-01-15T21:22:39
JPM,,322,2025-01-15T21:22:43

AAPL,498.61,-464,2025-01-15T21:23:56
DIS,-354.47,390,2025-01-15T21:28:37
HD,420.31,-54,2025-01-15T21:29:31
NVDA,371.86,-26,2025-01-15T21:30:14

BA,414.22,-277,2025-01-15T21:31:13
DIS,-349.69,701,2025-01-15T21:31:16
TSLA,447.86,844
COST,-197.51,337,2025-01-15T21:33:07
,11.74,366,2025-01-15T21:33:13

NFLX,435.1,abc,2025-01-15T21:35:31
,381.85,201,2025-01-15T21:38:26
CVX,486.64,706
,35.02,873,2025-01-15T21:40:29
,284.94,291,2025-01-15T21:41:13
ADBE,454.77,-50,2025-01-15T21:41:30
XOM,,235,2025-01-15T21:42:32

NKE,213.53,405
WMT,36.14,995,01-15-2025 09:30:00
WMT,-353.59,902,2025-01-15T21:43:44
KO,339.67,abc,2025-01-15T21:44:14

GOOG,182.41,463
DIS,284.3,676
MCD,,33,2025-01-15T21:51:04
PEP,192.75,250
CVX,,239,2025-01-15T21:53:18
PEP,273.94,abc,2025-01-15T21:55:44
COST,396.8,943

KO,466.48,abc,2025-01-15T21:58:11
KO,409.07,-22,2025-01-15T21:58:40
AMZN,293.2,246
PYPL,146.72,abc,2025-01-15T22:00:32

ORCL,303.75,abc,2025-01-15T22:04:17

PEP,291.61,abc,2025-01-15T22:06:55
AMZN,-26.04,60,2025-01-15T22:07:34
JPM,,107,2025-01-15T22:07:43
MRNA,113.91,163
NVDA,-348.15,992,2025-01-15T22:09:24
MRNA,,421,2025-01-15T22:10:02
AMZN,-207.28,516,2025-01-15T22:11:02
PFE,77.16,588

MCD,456.05,679,01-15-2025 09:30:00

AMZN,231.84,abc,2025-01-15T22:14:50

XOM,-288.82,187,2025-01-15T22:16:57
V,292.63,-985,2025-01-15T22:17:30
CRM,,448,2025-01-15T22:19:07
MRNA,-93.27,563,2025-01-15T22:20:24
UNH,406.12,abc,2025-01-15T22:23:08

AMZN,-54.5,596,2025-01-15T22:23:57
PYPL,,396,2025-01-15T22:24:15
HD,-128.34,946,2025-01-15T22:25:04
,437.51,435,2025-01-15T22:25:13
CVX,-102.8,140,2025-01-15T22:25:19
,188.81,831,2025-01-15T22:25:46
KO,142.71,-681,2025-01-15T22:25:57
KO,340.08,206
AAPL,435.37,952,01-15-2025 09:30:00
JPM,338.68,abc,2025-01-15T22:29:49
MRNA,,828,2025-01-15T22:29:58
KO,-54.07,139,2025-01-15T22:32:03
BA,124.66,abc,2025-01-15T22:32:19
,59.02,770,2025-01-15T22:36:17

GOOG,-142.38,190,2025-01-15T22:39:10
ORCL,-306.51,198,2025-01-15T22:39:35
AMZN,204.44,36,01-15-2025 09:30:00

JPM,,274,2025-01-15T22:39:59
JPM,439.11,abc,2025-01-15T22:40:52
DIS,369.07,938,01-15-2025 09:30:00
ORCL,375.29,-116,2025-01-15T22:44:49
PEP,226.23,-663,2025-01-15T22:45:42
HD,-441.81,722,2025-01-15T22:46:33
,402.82,462,2025-01-15T22:47:22
NKE,,70,2025-01-15T22:49:41
PEP,328.69,abc,2025-01-15T22:49:50

DIS,,126,2025-01-15T22:57:14
MSFT,266.52,191
NFLX,480.3,793
INTC,55.49,-557,2025-01-15T23:03:39

DIS,,450,2025-01-15T23:04:57
UNH,147.92,-926,2025-01-15T23:05:19
AMD,343.25,416,01-15-2025 09:30:00
PYPL,-42.71,147,2025-01-15T23:05:41
NFLX,378.07,abc,2025-01-15T23:05:58
HD,237.7,435

META,,811,2025-01-15T23:09:39
TSLA,,286,2025-01-15T23:09:56
PYPL,423.52,abc,2025-01-15T23:10:42
PFE,209.05,-396,2025-01-15T23:14:17
MRNA,,977,2025-01-15T23:15:16
TSLA,478.77,867
MSFT,281.62,-860,2025-01-15T23:18:38
HD,251.27,-776,2025-01-15T23:21:06
PFE,-279.44,924,2025-01-15T23:22:30
MCD,81.76,-591,2025-01-15T23:23:44
UNH,152.49,abc,2025-01-15T23:24:23
AMZN,41.17,-134,2025-01-15T23:25:39
DIS,56.1,-788,2025-01-15T23:25:41
MRNA,252.18,57,01-15-2025 09:30:00
META,350.14,399
NKE,196.41,-74,2025-01-15T23:32:12
AAPL,-305.63,837,2025-01-15T23:32:26
JPM,475.94,664
INTC,222.3,971,01-15-2025 09:30:00
PFE,-329.72,475,2025-01-15T23:37:03
BA,97.61,429
,411.68,432,2025-01-15T23:37:51
AMD,221.57,-70,2025-01-15T23:45:36

AMD,357.1,943,01-15-2025 09:30:00
XOM,423.94,-244,2025-01-15T23:47:40

,197.46,770,2025-01-15T23:47:52
V,,961,2025-01-15T23:49:30
,220.88,860,2025-01-15T23:50:04
HD,394.19,373,01-15-2025 09:30:00
AAPL,430.17,-716,2025-01-15T23:53:22
,395.59,957,2025-01-15T23:53:27
AMD,,683,2025-01-15T23:53:40
ADBE,195.93,835,01-15-2025 09:30:00
DIS,333.63,-471,2025-01-15T24:02:24
MSFT,-24.11,366,2025-01-15T24:04:10
XOM,308.14,890
GOOG,464.53,987
CVX,131.06,abc,2025-01-15T24:08:20
DIS,318.77,abc,2025-01-15T24:08:36


NFLX,97.71,445
GOOG,138.1,-761,2025-01-15T24:14:21
PFE,89.7,74
AAPL,485.41,-290,2025-01-15T24:15:46
CRM,16.47,-512,2025-01-15T24:16:15
JPM,-430.65,782,2025-01-15T24:17:56
TSLA,93.2,-217,2025-01-15T24:18:11
WMT,169.68,923
UNH,184.7,-963,2025-01-15T24:20:03
WMT,,154,2025-01-15T24:20:11
MCD,169.29,781
KO,-338.36,803,2025-01-15T24:22:35
XOM,127.12,abc,2025-01-15T24:24:21
,41.06,504,2025-01-15T24:25:05
V,,664,2025-01-15T24:25:59

MRNA,,449,2025-01-15T24:27:55
UNH,204.27,-370,2025-01-15T24:28:29
XOM,,164,2025-01-15T24:29:56
,139.34,527,2025-01-15T24:31:26
DIS,100.29,12,01-15-2025 09:30:00
DIS,,244,2025-01-15T24:33:29
UNH,234.26,-782,2025-01-15T24:34:05

GOOG,388.02,abc,2025-01-15T24:35:47

,469.54,469,2025-01-15T24:36:30
,406.97,715,2025-01-15T24:37:36
,251.9,677,2025-01-15T24:37:55
MCD,135.76,532
HD,69.63,46
MRNA,307.87,abc,2025-01-15T24:42:10
MCD,97.87,abc,2025-01-15T24:42:21
ORCL,397.1,abc,2025-01-15T24:43:09
CRM,300.04,abc,2025-01-15T24:45:47
,307.37,288,2025-01-15T24:49:42
,384.63,323,2025-01-15T24:50:10
XOM,-349.81,248,2025-01-15T24:51:27
PYPL,-396.82,407,2025-01-15T24:52:05
UNH,428.46,581
PEP,167.78,502,01-15-2025 09:30:00
,52.74,505,2025-01-15T25:00:10
CVX,,791,2025-01-15T25:03:16

PFE,402.99,-181,2025-01-15T25:04:32
PEP,92.0,abc,2025-01-15T25:05:32
KO,208.86,-735,2025-01-15T25:06:30
AMZN,411.59,abc,2025-01-15T25:10:27

KO,490.66,-805,2025-01-15T25:19:36
KO,425.91,112
NVDA,371.5,abc,2025-01-15T25:22:59
XOM,,408,2025-01-15T25:26:23
V,337.19,abc,2025-01-15T25:27:08
JPM,-301.83,744,2025-01-15T25:28:07
PYPL,-243.26,690,2025-01-15T25:30:57
V,70.95,329,01-15-2025 09:30:00
COST,164.87,639

AMD,,44,2025-01-15T25:35:02
PEP,-258.52,185,2025-01-15T25:36:32
,470.49,831,2025-01-15T25:36:59
AMD,234.51,271
DIS,-385.53,970,2025-01-15T25:39:11
BA,-399.81,548,2025-01-15T25:39:46
JPM,75.37,421
,309.88,195,2025-01-15T25:39:53
,422.24,504,2025-01-15T25:40:19
MSFT,433.22,abc,2025-01-15T25:40:21
PFE,299.67,424
,309.86,263,2025-01-15T25:41:40
,107.72,250,2025-01-15T25:41:54
BA,199.12,abc,2025-01-15T25:42:35
BA,67.43,-606,2025-01-15T25:43:54
,326.21,951,2025-01-15T25:46:16
MRNA,,128,2025-01-15T25:50:05
CRM,339.56,69,01-15-2025 09:30:00
WMT,92.76,269,01-15-2025 09:30:00
,411.79,690,2025-01-15T25:53:23

AMD,67.38,abc,2025-01-15T25:58:00
PEP,418.32,-418,2025-01-15T25:58:49
TSLA,463.37,abc,2025-01-15T26:01:31
DIS,,591,2025-01-15T26:02:03
AMD,64.61,905
JPM,,611,2025-01-15T26:05:51
AMD,264.89,abc,2025-01-15T26:06:09

PYPL,135.69,abc,2025-01-15T26:09:53
NVDA,281.97,417
AMZN,113.95,abc,2025-01-15T26:10:59
TSLA,-280.61,173,2025-01-15T26:11:19
ADBE,383.79,abc,2025-01-15T26:11:55
NKE,205.18,345,01-15-2025 09:30:00
JPM,,107,2025-01-15T26:12:50
PFE,-137.79,453,2025-01-15T26:13:47
CVX,174.9,254,01-15-2025 09:30:00
NKE,482.42,-904,2025-01-15T26:15:24
ADBE,310.73,211
INTC,146.21,-335,2025-01-15T26:16:35
INTC,444.17,759
META,493.78,abc,2025-01-15T26:18:50
MRNA,,532,2025-01-15T26:19:14
INTC,,791,2025-01-15T26:19:19
AMZN,114.16,-869,2025-01-15T26:19:53
WMT,435.06,abc,2025-01-15T26:21:03
ORCL,413.3,736
WMT,485.54,-473,2025-01-15T26:22:26
MRNA,489.49,713
KO,354.76,582,01-15-2025 09:30:00
INTC,130.98,107,01-15-2025 09:30:00
PYPL,324.71,abc,2025-01-15T26:24:47
KO,350.71,512,01-15-2025 09:30:00
MRNA,224.02,abc,2025-01-15T26:27:35
V,94.55,608,01-15-2025 09:30:00
DIS,178.55,77,01-15-2025 09:30:00
,446.22,298,2025-01-15T26:37:58
KO,457.39,216
ADBE,,38,2025-01-15T26:39:25
HD,,266,2025-01-15T26:40:01
,197.61,171,2025-01-15T26:41:46
GOOG,-349.27,221,2025-01-15T26:42:38
GOOG,172.79,-25,2025-01-15T26:43:53
V,-171.11,201,2025-01-15T26:44:48
,96.67,517,2025-01-15T26:45:05
BA,,358,2025-01-15T26:47:18
NKE,-341.42,252,2025-01-15T26:47:50
XOM,400.54,abc,2025-01-15T26:51:08
AMZN,46.21,abc,2025-01-15T26:51:12
,374.23,225,2025-01-15T26:51:16
COST,345.39,492
TSLA,96.75,591,01-15-2025 09:30:00
MSFT,161.29,589
BA,183.73,342
KO,395.09,153
,74.22,541,2025-01-15T26:56:23
KO,-139.28,604,2025-01-15T26:57:07
JPM,,248,2025-01-15T26:57:09

,211.27,166,2025-01-15T26:57:39
PYPL,412.05,abc,2025-01-15T26:59:11
NVDA,241.79,-626,2025-01-15T26:59:22

WMT,387.33,abc,2025-01-15T27:00:30

NVDA,-392.59,459,2025-01-15T27:05:15
,69.33,540,2025-01-15T27:07:30
AMD,55.68,abc,2025-01-15T27:08:01
UNH,381.45,abc,2025-01-15T27:08:30
XOM,349.09,59,01-15-2025 09:30:00
UNH,289.47,609,01-15-2025 09:30:00
AAPL,338.73,889
ADBE,499.57,abc,2025-01-15T27:10:06
,382.85,218,2025-01-15T27:10:15
PYPL,-23.27,513,2025-01-15T27:10:34
DIS,-400.79,618,2025-01-15T27:10:38
V,,465,2025-01-15T27:10:42

PYPL,385.54,abc,2025-01-15T27:14:38
META,373.44,318,01-15-2025 09:30:00
BA,-411.05,993,2025-01-15T27:15:12
MSFT,-411.81,302,2025-01-15T27:19:47
CRM,84.4,490,01-15-2025 09:30:00
NVDA,100.54,215,01-15-2025 09:30:00
PFE,-242.5,85,2025-01-15T27:22:48
XOM,-151.39,360,2025-01-15T27:25:02
MCD,197.22,92
TSLA,173.3,580

XOM,21.2,-533,2025-01-15T27:27:00
TSLA,96.49,234,01-15-2025 09:30:00

BA,-224.16,831,2025-01-15T27:31:35
,396.96,362,2025-01-15T27:32:04
HD,-221.74,717,2025-01-15T27:32:11

COST,,716,2025-01-15T27:34:55

MRNA,293.39,-443,2025-01-15T27:39:06

NVDA,152.03,967,01-15-2025 09:30:00
HD,129.87,789,01-15-2025 09:30:00
TSLA,493.75,926,01-15-2025 09:30:00
AMZN,339.8,989,01-15-2025 09:30:00
PFE,-440.24,297,2025-01-15T27:50:05


WMT,378.17,abc,2025-01-15T27:53:06
WMT,-244.47,261,2025-01-15T27:54:00
TSLA,267.15,abc,2025-01-15T27:54:21
PEP,-365.74,980,2025-01-15T27:54:29
BA,-214.89,11,2025-01-15T27:55:49
DIS,377.93,12
MSFT,165.59,534,01-15-2025 09:30:00
UNH,282.45,-350,2025-01-15T27:57:33
,196.24,479,2025-01-15T27:58:08
COST,392.27,-586,2025-01-15T27:58:37


PYPL,-370.61,715,2025-01-15T28:01:18
CRM,32.71,abc,2025-01-15T28:04:24
ORCL,192.98,-898,2025-01-15T28:05:47
CVX,306.6,abc,2025-01-15T28:05:52
GOOG,112.76,-515,2025-01-15T28:05:59
NKE,226.59,abc,2025-01-15T28:06:13
PEP,343.99,383
DIS,,134,2025-01-15T28:07:01
CRM,294.81,421,01-15-2025 09:30:00
DIS,39.02,197
AMD,366.36,-766,2025-01-15T28:10:52

BA,182.18,284,01-15-2025 09:30:00
CRM,267.5,357,01-15-2025 09:30:00
ADBE,95.86,abc,2025-01-15T28:18:20

NFLX,477.8,abc,2025-01-15T28:20:52
KO,56.87,140
V,-81.27,55,2025-01-15T28:31:12
,239.08,474,2025-01-15T28:31:35


BA,,696,2025-01-15T28:35:18
V,,245,2025-01-15T28:38:17
,441.16,470,2025-01-15T28:39:09
,34.68,848,2025-01-15T28:42:37
DIS,258.75,437,01-15-2025 09:30:00
AMD,228.33,-437,2025-01-15T28:44:07
COST,352.39,-799,2025-01-15T28:48:47
INTC,20.34,501
AAPL,-142.15,519,2025-01-15T28:53:00
,123.51,767,2025-01-15T28:53:04
,293.59,902,2025-01-15T28:53:19
AAPL,15.87,337,01-15-2025 09:30:00
META,126.32,abc,2025-01-15T28:54:22
NFLX,-143.22,279,2025-01-15T28:54:38


INTC,245.37,-742,2025-01-15T28:57:06
PEP,325.32,abc,2025-01-15T28:58:29
,356.13,231,2025-01-15T29:00:13
PEP,,286,2025-01-15T29:01:32
,440.22,703,2025-01-15T29:03:20
,200.28,99,2025-01-15T29:04:57
DIS,302.02,-670,2025-01-15T29:05:01
AMZN,72.6,695
MSFT,132.58,abc,2025-01-15T29:05:29
,440.75,672,2025-01-15T29:06:58
TSLA,,829,2025-01-15T29:07:33
GOOG,-281.1,272,2025-01-15T29:07:49

AMZN,438.65,abc,2025-01-15T29:08:14
CRM,80.97,-398,2025-01-15T29:09:00

BA,241.62,29,01-15-2025 09:30:00
,400.34,346,2025-01-15T29:13:06
MRNA,483.52,-682,2025-01-15T29:14:57

BA,20.94,905,01-15-2025 09:30:00
XOM,292.25,125,01-15-2025 09:30:00
PYPL,-91.84,814,2025-01-15T29:15:59
NKE,142.66,867
NKE,-83.29,551,2025-01-15T29:17:00
PYPL,,705,2025-01-15T29:17:34
KO,264.8,abc,2025-01-15T29:17:48
JPM,280.86,-794,2025-01-15T29:17:51
AMD,,620,2025-01-15T29:18:36
PYPL,167.18,-725,2025-01-15T29:18:47
HD,56.39,abc,2025-01-15T29:19:34
ADBE,344.67,abc,2025-01-15T29:20:31
TSLA,471.26,-84,2025-01-15T29:20:58
JPM,,79,2025-01-15T29:21:51

UNH,241.61,-894,2025-01-15T29:22:50
DIS,282.14,690,01-15-2025 09:30:00
AMZN,98.69,-786,2025-01-15T29:24:58
DIS,415.9,abc,2025-01-15T29:26:15
PFE,-416.44,586,2025-01-15T29:28:40
KO,167.48,-859,2025-01-15T29:29:16

CRM,,494,2025-01-15T29:30:37
HD,,493,2025-01-15T29:32:05
UNH,-194.85,883,2025-01-15T29:32:47
GOOG,421.37,abc,2025-01-15T29:34:10
CRM,85.29,250,01-15-2025 09:30:00
ADBE,235.22,224,01-15-2025 09:30:00
XOM,201.58,abc,2025-01-15T29:40:44

BA,300.5,291,01-15-2025 09:30:00
COST,358.14,abc,2025-01-15T29:44:37
AMZN,-334.05,806,2025-01-15T29:46:34
,194.65,647,2025-01-15T29:49:50
MCD,101.96,abc,2025-01-15T29:50:21
ADBE,-156.9,611,2025-01-15T29:51:45
PEP,-401.64,792,2025-01-15T29:52:20
BA,185.38,-544,2025-01-15T29:52:37
ORCL,365.8,933
MRNA,41.32,-908,2025-01-15T29:57:29
MRNA,,600,2025-01-15T29:58:01
PFE,327.38,-251,2025-01-15T29:58:08
CRM,217.03,-874,2025-01-15T30:00:32
GOOG,-389.78,301,2025-01-15T30:01:34
GOOG,-218.12,286,2025-01-15T30:01:52

,456.44,642,2025-01-15T30:04:49
PYPL,,770,2025-01-15T30:06:03
ADBE,226.4,abc,2025-01-15T30:07:49
AAPL,365.9,720
AMZN,318.9,807
PEP,-332.32,229,2025-01-15T30:14:57
,144.34,613,2025-01-15T30:15:23
XOM,409.32,112,01-15-2025 09:30:00
AMZN,-164.38,930,2025-01-15T30:17:29
,70.57,649,2025-01-15T30:21:52
COST,,526,2025-01-15T30:23:55
MSFT,-380.69,257,2025-01-15T30:25:19
JPM,287.67,abc,2025-01-15T30:26:09
,129.13,548,2025-01-15T30:26:31
AMZN,-481.5,374,2025-01-15T30:27:03
GOOG,489.72,-600,2025-01-15T30:27:40
,207.53,927,2025-01-15T30:28:36
BA,-431.35,37,2025-01-15T30:30:47
PEP,-88.75,624,2025-01-15T30:31:43
MRNA,446.17,abc,2025-01-15T30:31:53
CRM,48.54,-507,2025-01-15T30:32:37
AAPL,268.43,-321,2025-01-15T30:33:09
UNH,409.66,618,01-15-2025 09:30:00
PFE,104.97,abc,2025-01-15T30:33:36
AMD,229.4,-281,2025-01-15T30:33:48
KO,,698,2025-01-15T30:35:41
PEP,211.4,987
WMT,441.72,554

XOM,-494.73,945,2025-01-15T30:40:07
COST,-293.86,185,2025-01-15T30:43:34
NVDA,98.19,951
META,-200.41,161,2025-01-15T30:44:44
JPM,467.04,-328,2025-01-15T30:46:19
CVX,421.89,abc,2025-01-15T30:47:46
DIS,-113.86,84,2025-01-15T30:47:50
GOOG,90.49,abc,2025-01-15T30:50:36
NKE,26.66,abc,2025-01-15T30:51:14
ADBE,331.95,772,01-15-2025 09:30:00

HD,,703,2025-01-15T30:54:14
UNH,401.88,213,01-15-2025 09:30:00

MSFT,17.65,152,01-15-2025 09:30:00
ORCL,90.67,abc,2025-01-15T30:57:35
V,130.05,705
HD,,320,2025-01-15T30:59:30
WMT,455.36,-712,2025-01-15T30:59:56
MCD,373.72,685
,297.68,569,2025-01-15T31:04:39
GOOG,129.93,242,01-15-2025 09:30:00
MCD,109.55,abc,2025-01-15T31:05:12
NKE,449.69,381
NKE,,824,2025-01-15T31:05:41

PFE,299.84,176,01-15-2025 09:30:00
HD,52.23,-124,2025-01-15T31:08:38
PYPL,414.23,-839,2025-01-15T31:11:11
NKE,342.68,abc,2025-01-15T31:12:04
DIS,79.99,abc,2025-01-15T31:15:40
PFE,,550,2025-01-15T31:17:28
JPM,228.04,898

MSFT,253.26,828
NFLX,277.21,abc,2025-01-15T31:21:17
,221.5,105,2025-01-15T31:21:52
,201.22,929,2025-01-15T31:22:39
HD,81.3,-277,2025-01-15T31:22:56
JPM,,510,2025-01-15T31:23:00
JPM,,867,2025-01-15T31:23:36
PYPL,491.21,988,01-15-2025 09:30:00
PFE,62.07,116

AAPL,458.3,-198,2025-01-15T31:25:52
WMT,266.71,175
CRM,,625,2025-01-15T31:28:38
AAPL,,103,2025-01-15T31:29:16
,384.55,298,2025-01-15T31:31:19
ORCL,337.69,417,01-15-2025 09:30:00
MSFT,,555,2025-01-15T31:33:02
UNH,422.49,abc,2025-01-15T31:33:48
AMZN,10.6,747
PFE,,289,2025-01-15T31:35:01
,328.77,945,2025-01-15T31:36:32
HD,-105.16,702,2025-01-15T31:38:24
NVDA,403.16,712
,82.53,86,2025-01-15T31:39:28
PFE,279.64,-378,2025-01-15T31:39:38
WMT,263.54,344,01-15-2025 09:30:00
,168.29,263,2025-01-15T31:41:17
AMZN,367.41,352,01-15-2025 09:30:00
ADBE,83.61,-265,2025-01-15T31:43:40
V,282.18,316,01-15-2025 09:30:00
WMT,378.37,190,01-15-2025 09:30:00
GOOG,317.7,-803,2025-01-15T31:45:58
ORCL,-227.25,675,2025-01-15T31:46:25

UNH,180.75,-989,2025-01-15T31:47:46
JPM,469.7,abc,2025-01-15T31:47:51
META,234.57,-346,2025-01-15T31:49:32

,66.4,269,2025-01-15T31:50:54
DIS,,882,2025-01-15T31:51:36
HD,338.77,abc,2025-01-15T31:53:56
NVDA,-428.51,935,2025-01-15T31:54:41
WMT,,695,2025-01-15T31:55:43
XOM,279.27,-406,2025-01-15T31:57:50
HD,340.89,815
V,17.45,968,01-15-2025 09:30:00
BA,233.87,abc,2025-01-15T32:00:50
MRNA,-207.0,820,2025-01-15T32:01:37
AMZN,-151.7,744,2025-01-15T32:02:15
HD,317.86,721,01-15-2025 09:30:00
JPM,,68,2025-01-15T32:05:10
PYPL,374.44,938
V,131.29,544,01-15-2025 09:30:00
PYPL,288.09,abc,2025-01-15T32:08:39
NKE,412.14,769

,193.99,654,2025-01-15T32:13:06
HD,,948,2025-01-15T32:14:51
DIS,-316.38,95,2025-01-15T32:15:48
TSLA,94.39,abc,2025-01-15T32:16:11
MSFT,,573,2025-01-15T32:17:16
JPM,491.02,-511,2025-01-15T32:17:30
WMT,78.79,701
ORCL,230.31,-22,2025-01-15T32:18:54
NVDA,432.04,298,01-15-2025 09:30:00
PYPL,77.78,abc,2025-01-15T32:20:34
,415.16,73,2025-01-15T32:20:49
AAPL,80.64,abc,2025-01-15T32:21:49
NVDA,-39.79,899,2025-01-15T32:28:03
COST,418.01,-537,2025-01-15T32:28:14
CRM,200.04,224
AMZN,,801,2025-01-15T32:31:21
XOM,312.73,72,01-15-2025 09:30:00
NFLX,158.97,479,01-15-2025 09:30:00
HD,276.86,abc,2025-01-15T32:32:15

INTC,,168,2025-01-15T32:33:15
INTC,,871,2025-01-15T32:33:34
,320.6,66,2025-01-15T32:35:01
UNH,,596,2025-01-15T32:37:05

AMD,203.32,-530,2025-01-15T32:39:32
PYPL,439.88,133,01-15-2025 09:30:00
AMZN,340.86,937
ORCL,285.39,291,01-15-2025 09:30:00

GOOG,311.01,861,01-15-2025 09:30:00
META,,838,2025-01-15T32:44:04
,369.58,258,2025-01-15T32:44:45

DIS,361.45,-765,2025-01-15T32:46:10
KO,,45,2025-01-15T32:49:12
PFE,119.02,624
PYPL,227.61,252,01-15-2025 09:30:00
ADBE,,382,2025-01-15T32:52:13
AAPL,314.77,-721,2025-01-15T32:53:10
V,433.77,abc,2025-01-15T32:54:31
MSFT,443.48,360,01-15-2025 09:30:00
MRNA,,873,2025-01-15T33:01:28
JPM,186.22,308
CVX,329.27,-821,2025-01-15T33:02:01
COST,143.82,477
ADBE,,285,2025-01-15T33:04:47
V,-482.25,430,2025-01-15T33:05:20
TSLA,336.79,1

V,,3,2025-01-15T33:11:43

V,-116.18,809,2025-01-15T33:13:10
AAPL,-28.04,473,2025-01-15T33:13:15
COST,58.41,743,01-15-2025 09:30:00
BA,255.25,226,01-15-2025 09:30:00
,497.14,982,2025-01-15T33:19:22
TSLA,-121.97,960,2025-01-15T33:19:39
BA,164.38,245
MRNA,-48.12,36,2025-01-15T33:24:16
MCD,51.11,236,01-15-2025 09:30:00

AMD,,447,2025-01-15T33:28:00

KO,343.49,760
CRM,54.02,abc,2025-01-15T33:31:46
MSFT,363.58,abc,2025-01-15T33:32:44
,439.54,849,2025-01-15T33:32:52
COST,91.63,abc,2025-01-15T33:33:19



COST,,182,2025-01-15T33:37:03
CRM,,34,2025-01-15T33:38:44
WMT,437.47,250,01-15-2025 09:30:00
MRNA,224.22,-563,2025-01-15T33:40:52

CRM,263.13,324

,288.37,341,2025-01-15T33:46:51
TSLA,392.04,166
AAPL,467.11,915,01-15-2025 09:30:00
MSFT,150.6,-291,2025-01-15T33:49:07
PYPL,396.97,abc,2025-01-15T33:50:26

,336.1,552,2025-01-15T33:52:43
UNH,261.42,-204,2025-01-15T33:52:45
,105.49,51,2025-01-15T33:53:23
PYPL,477.37,abc,2025-01-15T33:53:34
,323.66,910,2025-01-15T33:53:50
COST,,110,2025-01-15T33:54:15
CVX,337.68,601,01-15-2025 09:30:00
TSLA,82.35,-788,2025-01-15T33:55:39
AMD,316.22,563
AMD,,394,2025-01-15T33:56:01

ORCL,265.09,575
MCD,,638,2025-01-15T33:57:59
AMD,,735,2025-01-15T33:58:04
CVX,442.71,120,01-15-2025 09:30:00
AMZN,290.46,783
KO,488.48,324
COST,,918,2025-01-15T34:05:46
AMD,,608,2025-01-15T34:06:44
HD,103.73,abc,2025-01-15T34:07:56
WMT,,508,2025-01-15T34:09:13

,299.39,22,2025-01-15T34:11:16
CVX,16.44,14,01-15-2025 09:30:00
KO,120.17,-521,2025-01-15T34:12:46
NVDA,,227,2025-01-15T34:13:45
,280.33,324,2025-01-15T34:18:06
NVDA,129.9,-449,2025-01-15T34:19:44

NVDA,-379.51,839,2025-01-15T34:20:10
MRNA,146.43,abc,2025-01-15T34:20:14
,284.4,646,2025-01-15T34:20:31
PEP,147.06,abc,2025-01-15T34:21:08
BA,,515,2025-01-15T34:21:30
XOM,84.06,497,01-15-2025 09:30:00
NKE,-97.15,148,2025-01-15T34:24:03
TSLA,110.63,abc,2025-01-15T34:24:08
MCD,408.54,abc,2025-01-15T34:25:00
MSFT,187.88,-512,2025-01-15T34:25:38
NVDA,-377.45,456,2025-01-15T34:27:16

BA,109.3,274
HD,-110.59,924,2025-01-15T34:31:31
NKE,115.71,-43,2025-01-15T34:33:43
INTC,-470.54,568,2025-01-15T34:33:44
MSFT,90.73,-202,2025-01-15T34:33:48
BA,,954,2025-01-15T34:38:54
AAPL,50.42,698
BA,332.82,-36,2025-01-15T34:42:02
,253.16,207,2025-01-15T34:42:05
,226.56,167,2025-01-15T34:42:31
TSLA,38.14,127
,279.2,781,2025-01-15T34:47:31
,150.22,956,2025-01-15T34:48:59
,163.1,29,2025-01-15T34:50:51
,427.59,375,2025-01-15T34:51:30
GOOG,461.88,-773,2025-01-15T34:53:22
NKE,416.28,941,01-15-2025 09:30:00
,34.74,104,2025-01-15T34:54:36
PEP,15.23,531
TSLA,287.62,555
NVDA,,807,2025-01-15T34:58:16
PYPL,,972,2025-01-15T34:59:33
ORCL,-413.86,736,2025-01-15T35:00:48
GOOG,306.36,-152,2025-01-15T35:00:51
DIS,283.35,137

CRM,405.96,abc,2025-01-15T35:03:17
AMZN,205.27,abc,2025-01-15T35:03:44

AAPL,166.69,-68,2025-01-15T35:05:53
COST,32.39,-711,2025-01-15T35:07:10
TSLA,-20.97,494,2025-01-15T35:07:37
TSLA,,701,2025-01-15T35:08:14
AMD,157.43,748,01-15-2025 09:30:00
PYPL,-108.03,822,2025-01-15T35:09:25
PYPL,372.86,abc,2025-01-15T35:09:32
PFE,151.1,abc,2025-01-15T35:10:31
XOM,-68.53,533,2025-01-15T35:16:13
MCD,351.97,abc,2025-01-15T35:19:58
KO,456.5,-247,2025-01-15T35:21:45
UNH,-361.51,430,2025-01-15T35:26:06
,482.87,837,2025-01-15T35:28:04
INTC,,993,2025-01-15T35:29:49
NFLX,136.59,581
MCD,213.94,abc,2025-01-15T35:30:42
COST,11.44,721,01-15-2025 09:30:00
CRM,469.74,-114,2025-01-15T35:33:25
DIS,415.0,594

ADBE,198.2,603,01-15-2025 09:30:00

KO,159.89,244,01-15-2025 09:30:00
CVX,-453.89,871,2025-01-15T35:36:19
,227.05,690,2025-01-15T35:38:28
MSFT,220.23,-648,2025-01-15T35:39:02
PFE,,598,2025-01-15T35:39:26
,12.66,694,2025-01-15T35:39:29
BA,201.16,abc,2025-01-15T35:41:13
,223.64,614,2025-01-15T35:42:33
GOOG,257.66,489
NKE,469.37,727


COST,-473.95,563,2025-01-15T35:47:13
WMT,,237,2025-01-15T35:47:53
PEP,226.94,187
,229.45,16,2025-01-15T35:50:22
NKE,312.26,926,01-15-2025 09:30:00
CVX,,34,2025-01-15T35:55:07
AAPL,267.42,abc,2025-01-15T35:58:03
WMT,54.12,523,01-15-2025 09:30:00
NFLX,112.88,456
UNH,,961,2025-01-15T36:00:47


PEP,,600,2025-01-15T36:03:55
MCD,301.97,175
PEP,328.59,abc,2025-01-15T36:05:10

MRNA,263.27,794
UNH,-330.61,978,2025-01-15T36:09:43
PFE,,683,2025-01-15T36:10:14
MRNA,-183.0,352,2025-01-15T36:11:24
CRM,,754,2025-01-15T36:11:27

,92.57,837,2025-01-15T36:12:55
ADBE,435.39,abc,2025-01-15T36:13:18
AMZN,308.82,abc,2025-01-15T36:13:22
META,132.81,abc,2025-01-15T36:14:08
KO,65.05,358,01-15-2025 09:30:00

CRM,-346.99,953,2025-01-15T36:15:06

MSFT,,525,2025-01-15T36:15:19
MSFT,-432.02,975,2025-01-15T36:15:20
PYPL,222.11,abc,2025-01-15T36:15:30
AAPL,-192.67,39,2025-01-15T36:16:19
PYPL,121.32,522
WMT,462.36,809
PFE,110.61,-978,2025-01-15T36:17:55
PFE,402.39,abc,2025-01-15T36:19:09
MRNA,,829,2025-01-15T36:19:30
COST,60.25,88
DIS,451.79,228
INTC,466.74,505

ADBE,452.91,abc,2025-01-15T36:23:06
V,-180.39,760,2025-01-15T36:24:36
META,,119,2025-01-15T36:24:57
,227.37,234,2025-01-15T36:25:54
COST,341.23,943
CVX,214.61,269,01-15-2025 09:30:00
META,297.45,75
KO,55.63,-685,2025-01-15T36:30:56
META,460.81,233
PFE,275.77,835,01-15-2025 09:30:00
PYPL,322.07,478,01-15-2025 09:30:00
,348.8,58,2025-01-15T36:35:46
WMT,328.72,abc,2025-01-15T36:36:51
MRNA,,400,2025-01-15T36:39:02
TSLA,,195,2025-01-15T36:40:42
JPM,,775,2025-01-15T36:42:33

,257.43,52,2025-01-15T36:44:05

MRNA,353.87,597
HD,466.75,-286,2025-01-15T36:48:17
MCD,174.13,90,01-15-2025 09:30:00
ADBE,-195.26,470,2025-01-15T36:49:44
,248.47,987,2025-01-15T36:51:27
